full_name,birth_year,death_year,party_entrance_year,party_entrance_month,ethnicity
Абакаров Абдурашид Ибрагимович,1908,1957,1911,20,Даргинец
Аббакумов (Абакумов) Иван Алексеевич,1903,1961,1928,6,Русский
Абрамов Владимир Хачатурович,1914,1983,1938,7,Армянин
Абрамян Лазарь Сергеевич,1908,1979,1940,9,Армянин
Абузаров Ахмет Закирович,1908,1981,1937,9,Татарин
Аванесов Аркадий Арсенович,1907,1974,1938,5,Армянин
Аверин Макар Алексеевич,1897,1987,1920,1,Русский
Авсеевич Александр Александрович,1899,NA,1926,4,Белорус
Агафонов Константин Васильевич,1917,NA,1939,6,волисполкома)
Агаянц Иван Иванович,1911,1968,1936,12,Армянин
Агаянц Михаил Иванович,1906,1959,1928,10,Армянин
Агеенков Филипп Андреевич,1909,1946,1929,10,Русский
Агекян Мартирос Ервандович,1902,1985,1920,2,Родился в семье строжа (отец умер в 1917). В КП с 02.20.
Агжигитов (Акжигитов) Гумер Ибрагимович,1909,1973,1939,11,Татарин
Агибаев Зайкен Агибаевич,1909,1956,1939,5,Казах. В КП с 05.39.
Адуков Магомед Султанович,1910,NA,1938,9,Аварец
Адяев Сергей Карпович,1912,1964,1938,11,Русский
Айдамиров Мирза Мелик Оглы,1901,1988,1931,10,Азербайджанец
Албогачиев Султан Измаилович,1906,NA,1938,6,Ингуш
Алейников Петр Михайлович,1915,1988,1943,3,Русский
Александров Александр Наумович,1903,1945,1927,11,учителя (отец умер в 1919)
Александров Владимир Николаевич,1912,1980,1943,1,Русский
Александров Лев Петрович,1910,1975,1942,10,Русский
Александров Макарий Павлович,1906,1960,1927,10,Русский
Алексеев Иван Васильевич,1908,1989,1937,2,Русский
Алексеев Иван Сергеевич,1907,1979,1940,5,Русский
Алексеев Константин Тимофеевич,1912,1986,1939,5,Русский
Алексеев Николай Михайлович,1904,NA,1930,10,Русский
Аленцев Виктор Терентьевич,1904,1978,1926,12,Русский
Алидин Виктор Иванович,1911,2002,1932,5,Русский
Алиев Пирмухаммед,1907,1943,1928,4,Узбек
Алиев Таджи-Али,1912,1972,1939,4,Узбек
Алимов Ариф,1912,NA,1941,4,Узбек
Алиходжаев Сафо,1908,NA,1931,10,Узбек
Аллахвердов Михаил Андреевич,1900,1968,1920,4,Армянин
Альтшуллер Исаак Константинович,1903,NA,1927,4,Еврей
Амелин Николай Михайлович,1893,1959,1919,8,Русский
Андреев Василий Романович,1906,1951,1927,4,Русский
Андреев Михаил Александрович,1906,1971,1931,10,Русский
Андреев Михаил Алексеевич,1902,1986,1924,10,Русский
Андреев Петр Ефимович,1906,1984,1937,4,Русский
Андреев Сергей Михайлович,1899,1976,1918,10,Русский
Аникин Александр Федорович,1903,1961,1930,6,Русский
Анисимов Василий Леонтьевич,1906,1963,1931,9,Русский
Анохин Николай Александрович,1898,1974,1918,5,Русский
Антонов Алексей Семенович,1912,1979,1931,9,Русский
Антонюк Иван Авксентьевич,1901,1984,1928,1,Украинец
Аполлонов Аркадий Николаевич,1907,1978,1931,7,Русский
Арзамасцев Семен Абрамович,1902,1979,1919,8,Русский
Аркадьев Дмитрий Васильевич,1900,1954,1918,6,Русский
Армянинов Дмитрий Михайлович,1910,1949,1931,10,Русский
Арнаутенко Петр Егорович,1913,1974,1939,4,Украинец
Ароян Амбарцум Арутюнович,1905,NA,1929,12,Армянин
Арстанбеков Аубакир Абдраимович,1908,1970,1931,12,Казах
Артемов Андрей Ефимович,1903,1984,1927,11,Русский
Архипов Георгий Глебович,1906,NA,1927,5,Русский
Аршба Платон Гамажалавич (Гамжалович),1913,NA,1940,9,Абхазец
Асланикашвили Калистрат Андреевич,1898,NA,1921,1,Грузин
Атакишиев Ага Салим Ибрагим Оглы,1903,1970,1931,8,Азербайджанец
Афанасьев Борис Манойлович,1902,1981,1923,8,Болгарин
Афанасьев Ефим Сергеевич,1900,1986,1920,1,Русский
Ахмедов Дильбар,1905,NA,1939,12,Таджик
Ахметов Даулет Ахметович,1914,1974,1940,9,Казах
Ачкасов Александр Иванович,1897,1963,1918,11,Русский
Ашанин Василий Яковлевич,1908,1979,1928,10,Русский
Ашуралиев Тургун,1914,NA,1943,2,Узбек
Бабаджанов Юлдаш Бабаджанович,1906,1972,1928,6,Узбек
Бабкин Иван Андрианович,1893,1963,1919,11,Русский
Бабунашвили Григорий Семенович,1905,1970,1939,9,Грузин
Базанов Максим Алексеевич,1911,1985,1937,3,Русский
Базилевич Аким Владимирович,1904,1942,1902,1,Украинец
Баканович Анатолий Феликсович,1905,1980,1932,9,Белорус
Бакулин Иван Григорьевич,1902,1982,1926,6,Русский
Баранников Константин Николаевич,1902,1970,1919,11,Русский. В КП с 11.19.
Баранов Филарет Васильевич,1909,NA,1931,4,Русский
Барков Михаил Антонович,1905,1970,1938,4,Русский
Барсков Николай Иванович,1908,1989,1928,11,Русский
Барсуков Владимир Константинович,1907,1970,1931,8,Русский
Барташунас Иосиф (Юозас) Марцианович,1895,1972,1919,4,Литовец
Барузин Алексей Васильевич,1898,1973,1922,1,Русский
Барышников Владимир Яковлевич,1900,1971,1940,7,Русский
Баулин Николай Яковлевич,1908,1982,1936,12,Русский
Бахтиозин Ибрагим Негматуллаевич,1910,NA,1937,2,(отец умер в 1917)
Бегма Павел Георгиевич,1902,1975,1931,6,Украинец
Бежанов Григорий Акимович,1897,1955,1921,5,Армянин
Безбородов Михаил Сергеевич,1901,NA,1931,1,Русский
Безответных Александр Николаевич,1915,NA,1939,4,Русский
Безсонов Борис Дмитриевич,1909,1988,1932,7,Украинец
Белкин Михаил Ильич (Моисей Эльнович),1901,1980,1918,2,лесным складом – приказчика (отец умер в 19101)
Белов Владимир Дмитриевич,1911,1969,1939,8,Русский
Белов Илья Семенович,1902,1956,1929,2,Русский
Белоглазов Павел Никифорович,1905,1988,1929,4,Русский
Белый Константин Прокопьевич,1901,1962,1927,9,Белорус
Бельченко Сергей Саввич,1902,2002,1925,6,Украинец
Белянов Александр Михайлович,1903,1994,1930,1,Русский
Бененсон Максим Львович,1903,1974,1936,12,Еврей
Бердиев Джума Бердиевич,1918,NA,1941,10,Туркмен
Бердыев Садык,1909,NA,1943,2,Туркмен
Берия Акакий Зосимович,1914,1986,1941,4,Грузин
Бесчастнов Алексей Дмитриевич,1913,1998,1932,3,Русский
Бетин Иван Иосифович,1907,1989,1932,9,Русский
Бзиава Константин Павлович,1905,NA,1928,8,Грузин
Благовестов Константин Николаевич,1903,1982,1918,5,"Об отце сведений не имел, мать – продавщица. Русский. В КП с 05.18."
Блиндерман Владимир Михайлович,1905,1958,1931,4,Еврей
Блинов Борис Михайлович,1914,NA,1940,12,Русский
Бобков Алексей Васильевич,1903,1989,1926,7,Русский
Бобровников Антон Тихонович,1907,2001,1926,11,Русский
Бобченко Константин Семенович,1909,NA,1939,4,Русский
Бобылев Анатолий Петрович,1902,1961,1924,11,Русский
Богачев Андрей Тимофеевич,1907,1952,1929,12,Русский
Богданов Василий Иванович,1908,NA,1932,10,Русский
Богданов Николай Кузьмич,1907,1972,1929,12,Русский
Богданов Павел Михайлович,1901,1973,1926,10,Русский
Богданов Яков Абрамович,1903,1975,1928,5,Русский
Богомолов Борис Иванович,1917,NA,1942,3,Русский
Бодягин Дмитрий Иванович,1908,1995,1931,3,Русский
Бойков Иван Павлович,1902,1987,1920,4,Русский
Бойков Николай Васильевич,1909,1969,1939,3,Русский
Болилый Сергей Алексеевич,1912,1980,1940,4,Украинец
Болотин (Балясный) Григорий Самойлович,1896,1990,1928,10,Еврей
Болховитин Анатолий Аркадьевич,1915,NA,1940,11,Русский
Большунов Петр Александрович,1907,1970,1929,4,Украинец
Бондаренко Михаил Стратонович,1901,1977,1932,1,Украинец
Борисенко Николай Сидорович,1903,1989,1937,6,Русский
Боровков Иван Иванович,1907,1967,1927,4,Русский
Бородинский Яков Маркович,1898,1959,1931,7,Еврей
Бородкин Михаил Иванович,1916,NA,1939,12,Русский
Бородулин Николай Филиппович,1900,1972,1919,10,Русский
Борсоков Хазраил Хакяшевич,1910,NA,1932,9,Кабардинец
Боханов Владимир Терентьевич,1906,1973,1930,4,Русский
Боярский Андрей Михайлович,1895,1983,1923,2,Белорус
Боярский Владимир Ананьевич,1913,2007,1939,5,Украинец
Брагин Николай Петрович,1905,1975,1929,7,Русский
Бранзбург Иосиф Фридманович,1909,1981,1930,9,Еврей
Брезгин Александр Иванович,1910,NA,1932,3,Русский
Бритиков Федор Кузьмич,1902,1981,1924,8,Русский
Броверман Яков Михайлович,1908,NA,1941,3,Еврей
Бровкин Алексей Николаевич,1906,1983,1930,8,Русский
Бровкин Виктор Данилович,1912,1994,1932,10,рабочего
Бударев Владимир Иванович,1907,1959,1938,3,рабочего ж.д
Булан Константин Григорьевич,1904,1986,1921,1,Русский
Буланцев Захарий Константинович,1907,1967,1937,12,амбулатории на ж.д
Булатов Хасан Исхакович,1906,1970,1941,10,Киргиз
Булгаков Константин Владимирович,1911,1987,1939,10,Русский
Булдович Роман Елисеевич,1902,1985,1920,7,Украинец
Булкин Григорий Лаврентьевич,1902,1990,1929,2,Русский
Булычев Николай Васильевич,1905,1977,1902,9,Русский
Бумаков Василий Иванович,1904,1968,1931,4,Русский
Бурдин Леонид Семенович,1918,NA,1943,1,Русский
Бурдуков Степан Тимофеевич,1905,1963,1929,9,Русский
Буринский Михаил Александрович,1910,1984,1932,1,Русский
Бурлаченко Григорий Федорович,1914,NA,1942,9,Украинец
Бурмак Петр Васильевич,1901,1969,1926,6,Украинец
Бурмистров Иван Михайлович,1901,1976,1929,4,Русский
Бурмистров Павел Григорьевич,1910,1972,1932,7,Русский
Буруковский Николай Рудольфович,1907,NA,1929,7,Еврей
Бутаков Тимофей Александрович,1904,1963,1939,8,Русский
Бутенко Григорий Никифорович,1904,1981,1930,10,Украинец
Буторов Михаил Афанасьевич,1902,1969,1938,11,Русский
Буянов Леонид Сергеевич,1911,1965,1931,8,Русский
Бызов Алексей Петрович,1904,1982,1923,5,Русский
Быков Давид Романович,1903,1982,1931,8,Еврей
Быков Николай Федорович,1909,1987,1931,3,Русский
Быковский Тарас Сидорович,1907,1969,1939,5,Русский
Быстров Александр Семенович,1904,1964,1932,3,Русский
Вайнштейн Борис Соломонович (Самойлович),1907,1993,NA,NA,Еврей
Вакарев Николай Дмитриевич,1912,1988,1942,1,Русский
Варшавер Григорий Матвеевич,1906,1975,1932,2,Еврей
Васенков Иван Яковлевич,1911,1989,1939,7,Русский
Василевский Артемий Евгеньевич,1900,1941,1926,11,Украинец
Василевский Лев Петрович,1903,1979,1927,5,Еврей
Васильев Александр Михайлович,1912,NA,1932,3,Русский
Васильев Владимир Николаевич,1902,1969,1927,6,Русский
Васькин Василий Тимофеевич,1914,1993,1939,6,Русский
Вахрушев Степан Васильевич,1912,NA,NA,NA,паровозного машиниста (отец умер в 1916)
Вашкин Иван Алексеевич,1903,1961,1926,10,Русский
Веверс Ян Янович,1899,1978,1919,11,Латыш
Веденеев Иван Павлович,1903,1956,1928,5,Русский
Веденин Андрей Яковлевич,1900,1984,1925,6,Русский
Великанов Николай Сергеевич,1905,1981,1929,7,мастера
Вербицкий Савелий Ильич,1906,1951,1928,6,Русский
Веревка Никанор Иванович,1898,1957,1918,6,Украинец
Веселов Александр Александрович,1911,1965,1940,4,Русский
Веселов Иван Мефодьевич,1903,1971,1931,9,Русский
Веселов Федор Иванович,1913,1973,1939,4,Русский
Викторов Василий Георгиевич,1912,NA,1931,9,Родился в семье рабочего-ткача. В КП с 09.31.
Вильджюнас Йонас Ионович,1907,1989,1928,11,Литовец
Виноградов Валентин Васильевич,1906,1980,1929,4,Русский
Виноградов Николай Александрович,1907,1965,1930,12,"Приемный отец был рабочий-текстильщик, умер в 1918"
Виноградов Николай Савватьевич,1913,1986,1941,2,кондуктора товарных поездов
Витков Григорий Иванович,1902,1975,1927,2,Русский
Вишневский Дмитрий Константинович,1905,1969,1926,11,Русский
Владимиров Николай Иванович,1902,1985,1920,12,Русский
Власенко Иван Иванович,1917,1979,1940,12,Украинец
Власов Николай Алексеевич,1901,1969,1926,8,Русский
Волков Александр Никитович,1898,1942,1925,2,Русский
Волков Александр Петрович,1904,1974,1927,4,Русский
Волков Алексей Иванович,1909,1964,1930,1,Русский
Волков Захар Павлович,1913,NA,1939,4,Родился в семье крестьянина-бедняка (отец умер в 1921). В КП с 04.39.
Волков Иван Иванович,1906,1975,1925,11,Русский
Волобуев Моисей Федотович,1898,1984,1924,9,Украинец
Володин Николай Павлович,1905,1965,1929,3,Русский
Волосников Николай Яковлевич,1916,NA,1940,6,Русский
Волошенко Константин Исидорович (Сидорович),1905,1988,1930,5,Русский
Воробьев Иван Яковлевич,1907,1974,1931,7,Русский
Воронин Николай Васильевич,1913,1985,1939,9,инспектора ж.-д
Воронин Петр Николаевич,1913,1995,1944,8,Русский
Воронков Сергей Петрович,1902,1983,1928,5,Русский
Воронович Иван Григорьевич,1904,1972,1928,11,рабочего
Воронцов-Кусков Иван Дмитриевич,1908,NA,1939,5,Русский
Воронцов Павел Петрович,1904,NA,1926,11,Русский
Воротников Николай Александрович,1905,1941,1925,3,Русский
Врадий Иван Иванович,1906,1984,1932,1,Украинец
Вул Алексей Моисеевич,1902,1960,1925,4,Еврей
Выжлецов Иван Витальевич,1905,1974,1926,6,Русский
Вяземский Александр Александрович,1908,NA,1932,3,Русский
Габитов Абдулла Гисматуллович,1910,NA,1940,12,Татарин
Гаврилов Александр Григорьевич,1902,1959,1925,7,Русский
Гаврилов Петр Аркадьевич,1896,NA,1901,1,Армянин1
Гавриш Василий Иванович,1907,NA,1930,7,путевого рабочего
Гайнетдинов Махмуд Гайзетдинович,1893,1976,1927,4,Татарин
Галиуллин Хаким Галиуллович,1911,1990,1937,11,Татарин
Галкин Лев Федорович,1908,1961,1927,4,Русский
Гамрекели Степан Степанович,1904,1984,1930,9,Грузин
Ганин Геннадий Яковлевич,1905,1955,1926,4,Русский
Ганин Искандер Абдурахманович,1903,NA,1926,3,Татарин
Гапонцев Иван Иосифович,1912,1987,1942,7,Русский
Гаранин Федор Алексеевич,1910,1981,1939,10,Русский
Гарибашвили Иван Иосифович,1908,1989,1940,4,Грузин
Гасанов Ибрагим Алиевич,1912,1985,1940,12,Азербайджанец
Гасников Александр Степанович,1903,1954,1926,12,Русский
Гаспарян (Каспаров) Аслан Хосрович,1898,NA,1929,9,Армянин
Гассиев Илья Иванович,1902,1974,1927,7,Осетин
Гельдымурадов Хаджи (Ходжи),1913,NA,1940,8,Туркмен
Генералов Михаил Александрович,1908,1942,1929,2,Русский
Геозолян Гарегин Арутюнович,1903,NA,1927,8,Армянин
Герасимов Алексей Акимович,1912,NA,1931,5,Русский
Герасимов Григорий Иванович,1908,1993,1931,9,Русский
Герцовский Аркадий Яковлевич,1904,NA,1939,6,крестьянина)
Гладышев Василий Степанович,1900,1978,1938,9,Русский
Глазков Михаил Фролович,1906,1963,1928,4,Русский
Глазов Василий Петрович,1906,1969,1929,7,Русский
Глотов Александр Иванович,1905,1988,1931,8,Русский
Гнездилов Анатолий Евдокимович,1913,1982,1940,8,Русский
Гнездилов Олимп Степанович,1893,1951,1936,12,Русский
Гнилощеков Александр Владимирович,1905,NA,1928,8,Русский
Гобе Вильгельм Янович,1899,1969,1917,8,Латыш
Гоголев Виктор Иванович,1906,1962,1927,8,Русский
Годунов Сергей Васильевич,1907,1967,1939,12,Русский
Гойко Иван Григорьевич,1910,1980,1931,3,Украинец
Голдованский Павел Николаевич,1908,NA,1928,8,Русский
Голик Виталий Акимович,1918,1983,1940,5,Украинец
Голованов Владимир Алексеевич,1903,1956,1925,4,Русский
Головин Аким Семенович,1897,1970,1919,12,Русский
Головков Михаил Нифонович,1904,1985,1931,2,Русский
Головлев Илья Иванович,1902,1977,1927,5,Русский
Голубев Александр Николаевич,1911,1985,1939,4,Русский
Голубев Алексей Федорович,1902,1970,1925,5,Русский
Гончаров Дмитрий Георгиевич,1906,1979,1926,11,Русский
Гончаров Иван Иванович,1904,1978,1927,4,Русский
Горбатенко Алексей Михайлович,1916,1982,1940,12,Русский
Горбатов Михаил Васильевич,1914,1967,1943,5,Русский
Горбатюк Иван Маркович,1903,1957,1925,6,Украинец
Горбачевский Макар Давыдович,1906,1989,1929,10,Белорус
Горбенко Иван Иванович,1903,1985,1926,12,Украинец
Горбулин Павел Николаевич,1909,NA,1930,3,"(отец умер в 1921, мать погибла в 1943 в Курске)"
Горбунов Семен Федорович,1906,1978,1931,5,Украинец
Горгонов Иван Иванович,1903,1994,1927,3,Русский
Гордеев Арсений Александрович,1912,1985,1938,9,Русский
Горелов Евгений Павлович,1910,1980,1930,10,Русский
Горлинский Николай Дмитриевич,1907,1965,1931,10,Украинец
Горский Анатолий Вениаминович,1907,1980,1932,4,Русский
Горьков Николай Георгиевич,1910,1983,1938,11,Отец после революции сотр
Горяинов Евгений Николаевич,1907,1963,1938,9,Русский
Граур Андрей Григорьевич,1905,1957,1928,5,Украинец
Грачев Александр Павлович,1903,1962,1926,8,Русский
Гребенник Кузьма Евдокимович,1900,1974,1920,9,Русский
Гребченко Иван Кузьмич,1904,1977,1928,5,Украинец
Грибанов Олег Михайлович,1915,1992,1939,4,Русский
Грибов Михаил Васильевич,1905,1992,1926,10,Русский
Григоров Родион Андреевич,1903,1974,1927,9,Русский
Григорьев Алексей Дмитриевич,1904,1950,1920,9,Русский
Григорян Хорен Иванович,1902,1956,1925,10,Армянин
Гриценко Алексей Варфоломеевич,1905,1983,1931,8,Украинец
Гришаев Павел Иванович,1918,1993,1941,3,Родился в семье крестьянина-середняка Русский. В КП с 03.411.
Гришакин Александр Дмитриевич,1903,1963,1928,5,Русский
Гришунов Михаил Иванович,1909,1996,1937,12,Русский
Груздов Александр Федорович,1911,1961,1937,3,Русский
Гручков Аким Степанович,1908,1987,1931,7,Русский
Гугучия Александр Илларионович,1905,1981,1937,2,Грузин
Гуджабидзе Илья Николаевич,1903,1957,1929,12,Грузин
Гудков Иван Сергеевич,1908,1999,1931,9,Русский
Гузовский Александр Александрович,1904,1986,1922,8,Украинец
Гукасов Александр Сергеевич,1905,1954,1927,8,Армянин
Гульст Вениамин Наумович,1900,1972,1921,4,Еврей
Гуро Владимир Кириллович,1905,1964,1923,4,Украинец
Гусев Николай Павлович,1917,1989,1940,3,Русский
Гуськов Анатолий Михайлович,1914,2005,1942,2,Русский
Гущин Филипп Петрович,1901,1986,1928,1,Русский
Давидовский Иосиф Ильич,1898,1952,1930,1,Еврей
Давлианидзе Сергей Семенович,1904,1967,1931,3,Грузин
Давыдов Александр Михайлович,1899,1980,1918,4,Русский
Давыдов Семен Прохорович,1909,1959,1938,2,Русский
Давыдов Федор Андреевич,1902,1980,1926,2,Русский
Данилюк Степан Антонович,1909,1961,1932,2,Украинец
Двинянинов Василий Андреевич,1900,1966,1918,9,Русский
Дегтярев Николай Петрович,1912,NA,1940,4,Русский
Деев Михаил Алексеевич,1914,NA,1939,10,Русский
Демидов Михаил Петрович,1908,NA,1937,10,Русский
Демин Владимир Алексеевич,1899,1941,1928,3,агента по погрузке угля Голубовского рудника
Демин Владимир Иванович,1906,1988,1927,11,Русский
Дерябин Михаил Емельянович,1898,NA,1924,11,Русский
Дерягин Михаил Алексеевич,1903,1971,1927,4,Русский
Дечко Михаил Федорович,1912,1987,1939,3,Белорус
Дешин Николай Иванович,1916,1977,1939,7,Русский
Джакушев Габдулла,1908,1986,1932,6,Казах
Джалилов Таджитдин Азимович,1918,NA,1944,3,Узбек
Джамгаров Михаил Бахшиевич,1899,1956,1925,3,Армянин
Джандильдинов Мурзамсеит,1914,1981,1939,2,Казах
Джураев Ибрагим Джураевич,1908,1973,1937,12,Таджик
Дмитриенко Василий Иванович,1912,NA,1938,1,Русский
Дмитров Семен Васильевич,1909,1977,1930,10,Русский
Дмитрюков Михаил Михайлович,1904,1967,1926,6,Русский
Днепровский Яков Андреевич,1905,1977,1927,12,Украинец
Доброхотов Василий Павлович,1911,1971,1932,6,Русский
Добрынин Георгий Прокопьевич,1907,1977,1930,3,Русский
Доквадзе Федор Ермолаевич,1902,NA,1927,9,Грузин
Долгинцев Иван Александрович,1903,1977,1920,5,Русский
Долгих Иван Ильич,1904,1961,1931,11,Русский
Домарев Александр Дмитриевич,1903,1967,1928,1,Русский
Досымбеков Абдыкен,1919,1976,1941,12,Казах
Дошлов Иван Иванович,1901,1979,1938,4,Русский
Дроздецкий Павел Гаврилович,1903,1979,1926,5,Русский
Дроздов Александр Николаевич,1901,1954,1920,1,Русский
Дроздов Виктор Александрович,1902,1966,1927,12,Украинец
Дроздов Михаил Прохорович,1909,1985,1939,4,Русский
Дрягин Дмитрий Константинович,1914,1942,1940,9,служащего
Дубиковский Виктор Кузьмич,1908,1987,1932,4,Украинец
Дубинин Леонид Николаевич,1915,NA,1943,11,Украинец
Дубовик Митрофан Тимофеевич,1905,1951,1927,4,Украинец
Дубровин Борис Всеволодович,1904,1951,1926,6,Русский
Дудоров Порфирий Иванович,1909,NA,1928,11,Русский
Дудукин Павел Алексеевич,1895,1974,1926,10,Русский
Дятлов Иван Федорович,1914,1994,1940,6,Белорус
Дятлов Николай Алексеевич,1901,1978,1925,2,Русский
Евдокименко Георгий Степанович,1914,1996,1940,5,Русский
Евсеев Константин Михайлович,1911,1984,1931,8,Русский
Евсенин Федор Яковлевич,1914,NA,1940,11,Русский
Евстафеев Серафим Васильевич,1904,1976,1928,9,Русский
Евсюков Петр Васильевич,1906,1982,1930,7,Русский
Егнаров Владимир Степанович,1903,1976,1939,8,Русский
Егнаташвили Александр Яковлевич,1887,1948,1912,9,Грузин
Егоров Валентин Кронидович,1908,1987,1928,10,(отец умер в 1915)
Егоров Михаил Иванович,1911,1968,1930,7,Русский
Егоров Сергей Егорович,1905,1959,1924,9,Русский
Едунов Яков Афанасьевич,1896,1985,1922,12,Русский
Елизарьев Александр Васильевич,1903,1964,1937,10,Русский
Елинский Евгений Петрович,1910,1944,1930,10,Украинец
Елисеев Михаил Матвеевич,1910,2003,1930,1,Воспитывался до 1919 у дочери мачехи
Елисеев Павел Николаевич,1915,NA,1939,6,Русский
Емельянов Яков Григорьевич,1910,1968,1929,7,Русский
Ендаков Николай Михайлович,1909,1989,1932,8,Русский
Епишев Алексей Алексеевич,1908,1985,1929,11,Русский
Ермилов Никанор Иванович,1904,1972,1927,12,Русский
Ермолаев Николай Дмитриевич,1905,1958,1932,9,Русский
Ермолаев Федор Ермолаевич,1904,NA,1928,1,Русский
Ермолаев Яков Филиппович,1903,1989,1928,1,Белорус
Ермолин Иван Ильич,1911,1957,1939,5,Русский
Ермолов Николай Григорьевич,1912,1992,1940,12,Русский
Есипенко Даниил Иванович,1901,1984,1929,2,Украинец
Ефименко Михаил Сергеевич,1907,1962,1927,9,Русский
Ефимов Дмитрий Ардалионович,1904,1987,1930,4,Русский
Ефимов Сергей Александрович,1899,1975,1938,5,Русский
Ечкалов Анатолий Митрофанович,1904,1986,1927,10,Русский
Жадобин Иван Иванович,1905,1979,1925,4,Русский
Жванко Максим Маркович,1906,NA,1930,6,Украинец
Жгенти Ясон Амбросиевич,1902,NA,1932,7,Грузин
Железников Николай Иванович,1906,1974,1928,8,Русский
Железников Сергей Андреевич,1897,1966,1928,3,Русский
Железов Фома Фомич,1909,1986,1930,1,ссыльная (после 1917 отец – директор треста)
Желтов Константин Николаевич,1922,1977,1942,11,складом
Желтухин Николай Александрович,1907,1964,1928,8,Русский
Жембровский Николай Константинович,1907,1944,1942,12,Русский
Жидков Арсений Андреевич,1901,1980,1932,1,Русский
Жовнер Михаил Александрович,1900,1960,1930,8,Украинец
Жуков Александр Алексеевич,1900,1944,1926,3,Русский
Жуков Георгий Сергеевич,1907,1978,1928,7,Русский
Журавлев Константин Иванович,1898,1972,1919,12,машиниста
Журавлев Павел Матвеевич,1898,1956,1919,5,Русский
Жутяев Георгий Никитович,1912,1986,1940,6,Русский
Забабуров Владимир Иванович,1913,1989,1944,8,Русский
Забелев Измаил Ибрагимович,1899,NA,1924,11,Татарин
Заболотный Григорий Иванович,1916,1994,1939,3,Украинец
Завгородний Георгий Степанович,1903,1976,1926,9,Русский
Завенягин Аврамий Павлович,1901,1956,1917,11,Русский
Завьялов Алексей Николаевич,1907,1984,1928,9,Русский
Зайцев Иннокентий Степанович,1906,1966,1929,4,Русский
Зайцев Николай Сергеевич,1898,1961,1919,1,Русский
Зайцев Петр Владимирович,1914,1995,1942,11,Русский
Закусило Александр Алексеевич,1906,NA,1926,11,Украинец
Залогин Семен Семенович,1898,1980,1919,11,Русский
Занин Семен Федосеевич,1901,NA,1924,6,Русский
Занин Степан Захарович,1914,1986,1940,6,Русский
Запевалин Михаил Александрович,1905,1972,1929,1,Русский
Заплеталов Николай Михайлович,1906,NA,1926,11,Русский
Зарелуа Владимир Еквтимович,1903,1979,1930,2,Грузин
Зарубин Василий Михайлович,1894,1972,1918,4,Русский
Зарубин Михаил Семенович,1902,1975,1931,1,Русский
Зателепин Василий Петрович,1902,1962,1930,1,Русский
Захаров Александр Павлович,1905,1969,1926,6,Русский
Захаров Василий Михайлович,1909,NA,1931,3,Русский
Захаров Иван Иванович,1903,1969,1926,11,Русский
Захаров Петр Андреевич,1905,1974,1929,6,Русский
Збраилов Леонид Максимович,1912,1977,1939,9,Русский
Зверев Александр Дмитриевич,1911,1986,1938,3,Русский
Зверев Михаил Александрович,1908,1979,1930,3,Русский
Зверев Николай Михайлович,1915,2002,1939,11,Русский
Зверев Сергей Иванович,1901,1974,1921,6,Русский
Зейналов Джафар Зейнал Оглы,1902,1974,1931,9,Азербайджанец
Зеленин Павел Васильевич,1902,1965,1929,2,Русский
Зеленцов Николай Лаврентьевич,1906,1969,1928,9,Русский
Зенин Михаил Федорович,1900,1975,1926,10,Русский
Зеничев Дмитрий Семенович,1897,1973,1920,10,Русский
Зименков Алексей Ильич,1911,1952,1930,6,Русский
Зимин Владимир Александрович,1909,1978,1932,7,Русский
Зимин Григорий Козьмич,1905,1989,1937,2,Русский
Зиновьев Василий Георгиевич,1909,NA,1930,5,Русский
Зиялов Андрей Сиосович (Сионович),1901,1962,1928,8,Армянин
Златин-Зелинский Иосиф Лазаревич,1900,1976,1920,6,Еврей
Змушко Степан Васильевич,1905,NA,1929,3,Белорус
Золоторенко Александр Иванович,1916,1979,1940,6,Белорус
Зубков Евгений Иванович,1902,1968,1928,4,машиниста ж.д
Зуян Иван Донатович,1910,1975,1944,6,Латыш
Зырянов Павел Иванович,1907,1992,1927,3,Русский
Иванов Александр Александрович,1908,1988,1927,12,Русский
Иванов Александр Минович,1903,1975,1930,7,Русский
Иванов Александр Федорович,1912,NA,1940,3,Русский
Иванов Василий Владимирович,1917,2003,1940,3,Русский
Иванов Василий Петрович,1908,1957,1931,10,Русский
Иванов Виктор Гаврилович,1901,1960,1919,1,Русский
Иванов Дмитрий Иванович,1912,1976,1932,10,Русский
Иванов Иван Алексеевич,1906,1948,1926,10,Русский
Иванов Иона Иванович,1900,1966,1926,4,Русский
Иванов Михаил Савельевич,1903,1962,1928,1,Русский
Иванов Петр Александрович,1909,NA,1930,11,Русский
Иваньков Федор Петрович,1911,1979,1943,3,Белорус
Ивашутин Петр Иванович,1909,2002,1930,1,Русский
Иващенко Василий Северьянович,1912,1997,1939,3,Украинец
Иващенко Илларион Никифорович,1901,1977,1920,3,Русский
Игидов Николай Миронович,1905,1950,1912,25,Русский
Игнатов Петр Николаевич,1912,NA,1938,3,Русский
Игнатьев Семен Денисович,1904,1983,1926,7,Украинец
Измайлов Владимир Александрович,1905,1967,1939,4,Русский
Израильбеков Адиль,1909,1980,1940,1,Узбек
Израйлев Леонид Романович,1903,1942,1929,11,Еврей
Ильин Виктор Владимирович,1912,NA,1939,5,Русский
Ильин Виктор Николаевич,1904,1990,1925,10,Русский
Ильинский Михаил Ильич,1910,1941,1938,11,Русский
Ильичев Алексей Григорьевич,1905,1984,1939,4,Русский
Илюшин-Эдельман Илья Израилевич,1897,1974,1929,12,Еврей
Илясов Николай Федорович,1909,1981,1929,3,Русский
Инаури Алексей Николаевич,1908,1993,1932,5,Грузин
Исабаев Абдулла Ибрагимович,1898,1964,1920,5,Узбек
Исаев Ахмед Мирзаевич,1910,1983,1941,9,Аварец
Исаков Алексей Алексеевич,1901,1964,1919,11,Русский
Исмамбетов Вагап,1905,1974,1929,11,Казах
Истомин Михаил Федорович,1900,1976,1938,1,Русский
Иткин Леонид Ефимович,1910,1985,1932,3,Еврей
Ишевский Василий Федорович,1899,1949,1927,11,Русский
Ишков Алексей Гаврилович,1915,1966,1940,2,Русский
Ищенко Георгий Авксентьевич,1910,1988,1930,8,Русский
Каверзнев Михаил Кириллович,1905,1975,1930,12,Русский
Кавтарадзе Николай Виссарионович,1897,1972,1927,10,Грузин
Кадыров Мукаш,1914,NA,1939,12,рабочего
Казанцев Владимир Иванович,1900,1979,1930,2,Русский
Казарин Антон Петрович,1903,1979,1926,10,Русский
Казаченков Владимир Иванович,1904,1984,1921,9,Русский
Калашников Григорий Никифорович,1907,NA,1939,3,Украинец
Калинин Николай Наумович,1907,1974,1939,8,Русский
Калининский Михаил Иванович,1905,1986,1930,4,Русский
Калмычков Александр Сергеевич,1902,1959,1925,5,Русский
Камбулов Петр Иванович,1909,NA,1940,6,Русский
Канашевич Михаил Николаевич,1906,NA,1929,10,Белорус
Кансултанов Керей,1916,1990,1940,6,Казах
Каныгин Павел Петрович,1909,NA,NA,NA,Русский
Капанадзе Андрей Павлович,1907,1983,1936,12,Грузин
Капралов Петр Михайлович,1906,1964,1927,7,Русский
Карандашев Сергей Петрович,1903,NA,1930,4,Русский
Карасев Михаил Кириллович,1900,1988,1924,9,Русский
Карасев Николай Александрович,1911,1976,1940,3,Русский
Каримов Алим,1909,NA,1931,9,Таджик
Карпенко Николай Матвеевич,1904,NA,1931,6,Русский
Карпов Георгий Григорьевич,1898,1967,1901,4,Русский
Карпов Иван Прокофьевич,1904,1977,1931,7,Русский
Карташов Сергей Николаевич,1914,1979,1941,2,Русский
Карумидзе Борис Вахтангович,1907,1988,1938,12,Грузин
Касаткин Константин Николаевич,1907,NA,1929,4,Русский
Касимов Дмитрий Васильевич,1900,1995,1927,9,Татарин
Касумов Эюб Микаил (Микаэл) Оглы,1901,NA,1926,5,Азербайджанец
Касымов Азам Касымович,1914,1968,1939,12,Таджик
Катков Александр Георгиевич,1901,NA,1920,6,Русский
Кашинцев Константин Сергеевич,1908,1980,1940,3,оружейного з-да (мать умерла в 1908)
Квасников Леонид Романович,1905,1993,1939,7,Русский
Квливидзе Александр Семенович,1901,1985,1937,10,Грузин
Керимов Эюб Алекперович,1912,NA,1932,10,Азербайджанец
Кинаров Иван Павлович,1913,NA,NA,NA,Русский
Киреев Тихон Андреевич,1903,1967,1927,10,Русский
Кириллов Александр Матвеевич,1897,1968,1918,7,Русский
Кирюхин Федор Матвеевич,1902,1962,1926,10,Русский
Кирюшин Иван Михайлович,1903,1948,1928,4,Русский
Киселевич Валентин Евгеньевич,1900,NA,1928,2,судья)
Кислов Константин Андреевич,1911,2000,1939,5,Русский
Клепов Сергей Алексеевич,1900,1972,1923,1,Русский
Клецко Иван Иосифович,1910,1981,1930,10,Белорус
Клименко Афанасий Лукич,1903,1985,1925,6,Украинец
Клименко Иван Ефимович,1908,1984,1928,10,Украинец
Клименко Иван Исаевич,1914,NA,1939,6,Украинец
Клинышкин Константин Николаевич,1914,NA,1940,4,Русский
Клочко Иван Денисович,1909,1963,1939,5,Украинец
Клыков Афанасий Николаевич,1903,1969,1929,4,Русский
Клычев Джума,1914,NA,1939,8,Туркмен
Кобзев Иван Иванович,1910,1973,1932,7,Русский
Ковалев Александр Александрович,1908,1977,1938,1,Русский
Ковалев Александр Иванович,1896,1973,1924,4,Русский
Ковалев Андрей Ефимович,1915,NA,1942,10,Русский
Ковалев Илья Филиппович,1905,1983,1932,8,Русский
Ковалевский Александр Антонович,1904,1979,1926,8,Белорус
Коваленко Павел Тимофеевич,1917,1987,1940,12,Украинец
Ковальчук Николай Кузьмич,1902,1972,1927,11,Украинец
Коврыженко Павел Пантелеймонович,1905,1974,1928,1,Украинец
Ковшук-Бекман Михаил Фомич,1898,1971,1919,7,Белорус
Кожевников Андрей Герасимович,1901,1975,1919,12,Русский
Кожевников Леонид Иванович,1904,NA,1938,6,штаба армии (отец умер в 1910)
Кожевников Николай Александрович,1911,1969,1931,9,Русский
Кожевников Сергей Федорович,1904,1961,NA,NA,Русский
Козаченко Борис Григорьевич,1905,NA,1930,9,Русский
Козлов Анатолий Сергеевич,1908,1999,1929,2,Русский
Козлов Василий Иванович,1906,1990,1931,12,Русский
Козырев Александр Александрович,1916,1974,1901,14,кондуктора
Козырев Иван Львович,1909,1974,1932,1,Русский
Колдаев Михаил Михайлович,1902,1974,1926,10,Русский
Колдунов Петр Николаевич,1909,1994,1929,5,Русский
Колесников Иван Иванович,1897,1961,1920,8,Русский
Колесников Никита Емельянович,1902,1981,1927,5,Украинец
Колесников Порфирий Константинович,1906,1979,1926,5,Русский
Коломиец Василий Дмитриевич,1905,1979,1939,5,Украинец
Комаев Бадма Дакинович,1908,1988,1939,12,Калмык
Комаров Владимир Иванович,1916,1954,1942,2,Русский
Комаров Георгий Яковлевич,1897,1951,1919,11,Русский
Комаров Федор Ануфриевич,1902,1973,1926,7,Русский
Кондратенко Николай Елисеевич,1902,NA,1937,9,Украинец
Кондратьев Анатолий Петрович,1909,NA,1932,9,Русский
Кондрашин Владимир Ефимович,1913,1979,1942,9,Русский
Коненков Никандр Иванович,1902,1976,1924,6,Русский
Коновалов Андрей Васильевич,1913,1976,1941,7,Русский
Коновалов Иван Петрович,1907,1967,1931,11,Украинец
Коновалов Сергей Васильевич,1906,1960,1930,9,присутствия
Константинов Виктор Вениаминович,1909,1968,1938,10,Русский
Коняхин Николай Михайлович,1914,1977,1944,4,Русский
Копылов Федор Иванович,1910,1979,1932,4,пожарной команды (мать умерла в 1918)
Корецкий Михаил Макарович,1905,1984,1928,3,Отчим работал плотником по найму. Русский. В КП с 03.28.
Корнилов Василий Иванович,1915,1971,1939,11,Русский
Корницкий Яков Данилович,1906,1982,1931,6,Русский
Коробкин Николай Николаевич,1914,1993,1941,7,Русский
Королев Василий Сергеевич,1902,1952,1928,8,Русский
Королев Николай Андрианович,1907,1986,1924,10,Русский
Коротков Александр Михайлович,1909,1961,1939,6,Русский
Коротков Иван Семенович,1905,1959,1925,9,Русский
Корсаков Георгий Аркадьевич,1901,1984,1936,12,Еврей
Корсаков Леонид Павлович,1911,1981,1939,9,Русский
Корхмазян Сергей Аркадьевич,1912,NA,1939,7,Армянин
Корчемкин Борис Ионович,1915,NA,1939,10,Воспитывался в детдоме
Космачев-Кольцов Александр Николаевич,1897,1971,1917,9,Русский
Коссой Аврам Иосифович,1900,NA,1917,7,Еврей
Костенко Арсений Григорьевич,1900,1969,1940,9,Украинец
Костин Александр Дмитриевич,1902,1983,1932,2,Русский
Костин Петр Данилович,1915,1988,1944,8,Русский
Косубаев Смагул,1907,1984,1937,4,Казах
Котышев Георгий Анисимович,1904,1989,1930,9,Украинец
Кочегаров Максим Константинович,1899,NA,1919,9,Русский
Кочергин Михаил Кузьмич,1897,1977,1926,7,Русский
Кочетков Александр Евстафьевич,1905,NA,1925,1,Русский
Кочетков Виктор Васильевич,1902,1985,1924,12,станции
Кочетов Дмитрий Дорофеевич,1911,1966,1936,12,Русский
Кошкин Анатолий Иванович,1918,1974,1940,11,Русский
Кошумбеков Джумабек,1913,1970,1940,2,Казах
Кравцов Евгений Игнатьевич,1913,1973,1932,4,больницы
Кравченко Леонид Петрович,1910,1976,1940,6,Украинец
Кравченко Николай Григорьевич,1912,1977,1937,9,Украинец
Кравченко Николай Николаевич,1913,1983,1943,7,Украинец
Красильников Сергей Петрович,1902,1967,1927,8,Русский
Краснобородько Михаил Иванович,1904,1948,1927,12,Русский
Краснопевцев Борис Иванович,1905,1994,1939,9,Русский
Крассман Михаил Кузьмич,1909,1976,1941,2,Эстонец
Крашенинников Михаил Васильевич,1904,1963,1938,3,Русский
Краюхин Василий Михайлович,1906,1979,1932,8,Русский
Кремлев Дмитрий Васильевич,1917,NA,1943,6,"Мать учительница, отчим бухгалтер"
Кривошеев Петр Спиридонович,1913,NA,1941,10,служащего
Кримян Никита Аркадьевич,1913,1955,1939,5,Армянин
Круглов Федор Илларионович,1910,1966,1931,4,Русский
Крысанов Александр Петрович,1912,1984,1941,2,Русский
Куварзин Анатолий Иванович,1912,1989,1939,4,Русский
Кудинов Георгий Петрович,1898,1941,1918,10,Русский
Кудрявцев Козьма Николаевич,1903,1975,1928,11,Русский
Кудрявцев Михаил Михайлович,1902,NA,1920,12,Русский
Кудряков Иван Никитович,1902,1957,1930,4,Русский
Кузнецов Александр Константинович,1903,1948,1925,2,больницы)
Кузнецов Александр Семенович,1899,1976,1918,11,Русский
Кузнецов Андрей Михайлович,1901,1971,1919,9,Русский
Кузнецов Борис Владимирович,1907,1975,1932,7,Русский
Кузнецов Иван Леонтьевич,1903,1984,1928,8,Русский
Кузнецов Михаил Васильевич,1909,1963,1928,10,Русский
Кузовлев Виталий Сергеевич,1912,NA,1939,7,Русский
Кузьмин Игнатий Иванович,1902,NA,1927,5,Русский
Кузьмин Семен Кузьмич,1903,1975,1928,4,Русский
Кузьминов Терентий Иванович,1906,1981,1907,24,Молдаванин
Кузьмичев Сергей Федорович,1908,1989,1937,12,Русский
Кукин Константин Михайлович,1897,1979,1918,1,Русский
Кукушкин Иван Павлович,1907,1971,1931,9,Русский
Кулаков Константин Петрович,1907,1964,1928,6,станц
Кулиев Якуб Гасанович,1906,NA,1929,12,Азербайджанец
Куликовских Кирилл Григорьевич,1897,1959,1917,10,Русский
Кураш Иван Михайлович,1906,1987,1929,1,Украинец
Курбанов Шариф,1919,NA,1940,3,Таджик
Курганов Иван Матвеевич,1910,1979,1939,8,Русский
Курманжапов Тасмухамед,1920,1980,1940,11,Казах
Куропаткин Николай Дмитриевич,1903,1975,1929,9,Русский
Куспангалиев Урайхан,1913,NA,1939,7,Казах
Кутманалиев Аджике Ашубаевич,1919,1981,1944,1,Киргиз
Кутьянов Константин Федорович,1909,1973,1930,9,Русский
Кучава Шалва Ионович,1911,NA,1940,11,Грузин
Кучеров Алексей Николаевич,1899,1959,1920,3,Русский
Кыштобаев Итибай,1922,1984,1946,4,Киргиз
Лабецкий Александр Никитич,1906,1968,1929,12,Русский
Лагунов Николай Михайлович,1905,1978,1927,1,Русский
Лангфанг Александр Иванович,1907,1990,1925,9,машиниста (отец умер в 1921)
Ландри-Магардук Шаря Шеремович,1899,1941,1932,7,Туркмен
Лапенков Николай Ефимович,1907,1986,1929,3,Русский
Лапин Михаил Парамонович,1903,1957,1921,1,Русский
Лапшин Владимир Валерианович,1902,NA,1920,9,Русский
Латыпов Абдулла Гайнутдинович,1902,1965,1919,10,Татарин
Лебедев Алексей Павлович,1906,1968,1929,10,Русский
Лебедев Михаил Федорович,1904,1985,1928,8,отд
Лебин Дмитрий Ефремович,1902,1990,1922,1,Русский
Левин Дмитрий Матвеевич,1907,1979,1930,7,Русский
Левкович Леонид Николаевич,1912,NA,1940,3,Русский
Лежнев Борис Артемьевич,1893,1954,1920,5,Русский
Леньков Василий Иванович,1910,1973,1939,6,Русский
Леонов Александр Георгиевич,1905,1954,1926,5,Русский
Леонов Валентин Иванович,1905,1942,1938,1,Русский
Леонов Дмитрий Сергеевич,1899,1981,NA,NA,Русский
Леонтьев Александр Михайлович,1902,1960,1927,1,Русский
Либенсон Ефим Михайлович,1912,NA,1939,9,Еврей
Лимов Николай Павлович,1909,1975,1936,12,Русский
Линников Николай Кузьмич,1909,NA,1939,1,Русский
Литвинов Сергей Макарович,1911,NA,1938,10,Русский
Литкенс Сергей Евграфович,1912,1990,1939,4,присяжного поверенного1
Лихачев Борис Михайлович,1906,NA,1941,3,Украинец
Лихачев Михаил Тимофеевич,1913,1954,1938,5,Русский
Лобанов Александр Никитич,1897,1972,1919,12,Русский
Лобанов Дмитрий Николаевич,1898,NA,1919,9,Русский
Лобанов Константин Васильевич,1906,1971,1929,3,Русский
Логвиненко Леонид Яковлевич,1916,NA,1940,10,Русский
Лопаев Александр Кузьмич,1904,1972,1927,7,Русский
Лорент Петр Павлович,1898,1966,1917,9,Русский
Лоркиш Иосиф Яковлевич,1905,1968,1938,3,Еврей
Лосев Евгений Дмитриевич,1904,1942,1931,7,Русский
Лосев Петр Матвеевич,1907,1970,1925,9,Русский
Лунев Константин Федорович,1907,1980,1926,8,Русский
Лутов Василий Алексеевич,1906,1984,1939,1,Русский
Луховицкий Соломон Эммануилович,1903,NA,1937,12,Еврей
Лынько Владимир Семенович,1911,1981,1931,10,Белорус
Лысенков Николай Петрович,1909,1956,NA,NA,Русский
Людвигов Борис Александрович,1907,NA,1924,11,Русский
Лякишев Михаил Андреевич,1917,1970,1940,1,Русский
Лялин Серафим Николаевич,1908,1978,1929,2,Русский
Ляпин Алексей Васильевич,1914,1987,1940,12,Русский
Ляпунов Николай Алексеевич,1905,1979,1930,5,Русский
Ляудис Казимир Франциевич,1901,1989,1925,2,Литовец
Ляшенко Василий Трофимович,1903,1989,1927,2,Украинец
Маврин Михаил Яковлевич,1905,1986,1924,11,Русский
Маглеванный Иван Лукьянович,1908,1984,1930,4,Украинец
Мажара Николай Константинович,1911,1979,1932,10,Украинец
Мазур Павел Федорович,1906,1991,1926,7,Украинец
Майорский Григорий Львович,1910,1977,1939,4,Еврей
Майрановский Григорий Моисеевич,1899,1964,1920,4,Еврей
Майструк Владимир Федорович,1903,1976,1928,6,Украинец
Макаров Александр Павлович,1901,NA,1924,10,Русский
Макаров Василий Емельянович,1903,1975,1928,12,Русский
Макаров Николай Иванович,1905,1976,1926,11,Русский
Макарьев Петр Павлович,1908,1964,1931,7,Русский
Макашов Михаил Егорович,1907,1958,1927,10,Русский
Маклярский Исидор (Михаил) Борисович,1909,1978,1932,2,Еврей
Маковский Николай Владимирович,1903,1982,1926,10,Украинец
Максименко Алексей Петрович,1905,1959,1927,9,Русский
Максименко Павел Николаевич,1915,NA,1939,9,Русский
Максимов Георгий Николаевич,1910,NA,1940,12,Русский
Малабаев Джолдошбай,1917,NA,1939,12,Киргиз
Маликов Дмитрий Григорьевич,1905,NA,1929,6,Русский
Малинин Борис Николаевич,1912,1993,1940,4,Русский
Малишевский Александр Николаевич,1901,1973,1932,2,Русский
Мальков Владимир Матвеевич,1909,NA,1931,4,Русский. В КП с 04.31.
Мальков Павел Михайлович,1904,1983,1930,3,Русский
Мальцев Михаил Митрофанович,1904,1982,1925,7,(после революции отец сотрудник НКВД)
Малютин Владимир Васильевич,1909,1955,1930,6,Русский
Мамиев Моисей Ильич,1907,1971,1930,9,Осетин
Мамонтов Василий Николаевич,1910,1965,1939,5,Русский
Мансуров Дмитрий Антонович,1911,1972,1941,7,Осетин
Маркарян Рубен Амбарцумович,1896,1956,1925,9,Армянин
Марков Константин Владимирович,1913,NA,1939,9,Русский
Марковский Константин Михайлович,1903,1978,1924,9,Белорус
Мартиросов Георгий Иосифович,1906,NA,1930,3,Армянин
Мартиросян Айказ Манукович,1911,NA,1939,5,Армянин
Мартыненко Петр Степанович,1903,1978,1927,11,Украинец
Марченков Михаил Петрович,1899,1980,1920,7,Русский
Марчик Владимир Филиппович,1912,1986,1941,5,флота – кладовщика-баталера1
Масленников Владимир Иванович,1910,1972,1932,1,Русский
Маслов Иван Петрович,1906,1982,1932,3,Русский
Мастицкий Василий Федорович,1902,1954,1926,4,Русский
Матвеев Александр Иванович,1916,2007,1941,9,Русский
Матвеев Александр Павлович,1905,1946,1925,9,Русский
Матвеенко Иван Арсентьевич,1905,1983,1928,9,Украинец
Матвиевский Павел Петрович,1910,1956,1931,3,Русский
Матевосов Иван Иванович,1905,1979,1922,6,Армянин
Матусов Яков Наумович,1908,1967,1938,6,Еврей
Махкамбаев Сатывалды,1912,NA,1938,10,Таджик
Махкамов Бобо,1919,1986,1943,2,Таджик
Махов Николай Михайлович,1913,1983,1941,7,Русский
Машнин Дмитрий Андреевич,1898,NA,NA,NA,Русский. В КП с 1919.
Маштафаров Виталий Прокофьевич,1912,1995,1939,9,Русский
Медведев Александр Петрович,1905,1965,1928,1,Русский
Медведев Даниил Дмитриевич,1905,1953,1928,3,Русский
Медведев Михаил Владимирович,1909,NA,1931,5,Вепс
Медведев Павел Николаевич,1905,1998,1929,9,пароходства (отец умер в 1909)
Медведев Федор Михайлович,1909,NA,1932,3,(отец умер в 1918)
Медведский Василий Лаврентьевич,1896,1945,1919,11,Белорус
Мельников Григорий Александрович,1898,1972,1919,8,Русский
Мельников Григорий Павлович,1904,NA,1928,3,Русский
Мельников Дмитрий Иванович,1906,1956,1927,3,Русский
Мельников Игорь Анатольевич,1904,1969,1919,10,Русский
Мельников Николай Дмитриевич,1905,1944,1925,4,Русский
Меретуков Ахмед Долотукович,1910,1977,1931,6,Черкес
Мерзленко Дмитрий Павлович,1905,1996,1929,2,Русский
Меринов Василий Алексеевич,1908,1986,1932,3,Русский
Меркулов Александр Петрович,1902,1962,1925,1,Русский
Месяцев Николай Николаевич,1920,NA,1941,5,Русский
Мещанов Павел Самсонович,1900,1983,1919,10,Русский
Мещеряков Тимофей Лазаревич,1899,1975,1930,2,Русский
Микаутадзе Константин Окропирович,1906,NA,1928,4,Грузин
Микитянский Владимир Давидович,1908,NA,1930,11,Еврей
Миклашевский Леонид Михайлович,1906,1970,1925,10,Украинец
Миков Савва Иванович,1904,1966,1925,2,Русский
Мирковский Евгений Иванович,1904,1992,1927,2,Белорус
Миронов Николай Романович,1913,1964,1919,5,Русский
Мирошников Владимир Яковлевич,1898,1984,1925,12,Украинец
Мирхамидов Миршариф,1903,1959,1927,8,Узбек
Михайлов Виктор Михайлович,1909,1972,1931,4,Русский
Михайлов Николай Семенович,1907,NA,1939,10,Русский
Михайлов Павел Андреевич,1899,1978,1925,11,Русский
Михальчук Тимофей Антонович,1903,1986,1929,11,Русский
Михальянц (Михайлянц) Сергей Сумбатович,1911,NA,1939,6,Армянин
Мицкевич Евгений Петрович,1893,1959,1917,9,Украинец
Мичурин Александр Васильевич,1911,1984,1931,8,Русский
Мичурин-Равер Марк Леонтьевич,1898,NA,1919,11,Еврей
Мишин Василий Николаевич,1901,1980,1922,2,Русский
Мовсесов Георгий Аркадьевич,1910,1965,1941,5,Армянин
Можин Андрей Павлович,1902,NA,1926,12,Русский
Моисеев Аркадий Михайлович,1912,1967,1931,10,Русский
Моисеев Василий Михайлович,1911,1954,1931,7,Русский
Мороз Николай Самойлович,1902,1987,1929,3,Украинец
Мороз Николай Тихонович,1908,NA,1929,1,Украинец
Морозкин Георгий Семенович,1904,1975,1927,4,Русский
Морозов Иван Дмитриевич,1907,1983,1930,10,Русский
Мосесов Мосес Григорьевич,1905,1988,1930,8,Армянин
Москаленко Валентин Иванович,1908,1984,1931,12,Русский
Москаленко Иван Иванович,1907,1982,1939,5,Украинец
Московенко Владимир Ионович,1910,1986,1930,12,Украинец
Мошенский Авксентий Леонтьевич,1900,1981,1937,10,Украинец
Муратов Нагим Хафизович,1913,1980,1940,1,Татарин
Мурро Андрей (Андрес) Андреевич,1903,1941,1922,1,Эстонец
Мусаев Александр Дмитриевич,1895,1976,1925,6,Русский
Мусатов Николай Александрович,1910,NA,1939,5,Русский
Муханин Иван Сергеевич,1909,1981,1928,11,Русский
Мухин Андрей Федорович,1902,1970,1928,9,Русский
Мухин Иван Яковлевич,1912,1956,1940,12,Русский
Мякотных Николай Сергеевич,1914,1976,1939,4,Русский
Набатников Михаил Максимович,1908,1993,1940,11,Русский
Нагиев Кара-Бали Мешади Наги Оглы,1909,1981,1931,10,Азербайджанец
Надарая Сардион Николаевич,1903,NA,1921,6,Грузин
Назаров Иван Филиппович,1904,1974,1928,12,Русский
Насымов Мухамед-Амин,1921,NA,1943,12,Узбек
Насыров Виктор Исаакович,1906,1984,1928,11,Русский
Наумов Александр Григорьевич,1907,1948,1928,7,Русский
Нацвлишвили Михаил Георгиевич,1905,1974,1937,2,Грузин
Начкебия Капитон Григорьевич,1901,1973,1931,8,Грузин
Негеревич Иван Акимович,1913,1960,1945,12,рабочего ж.-д
Недавний Сергей Митрофанович,1900,1988,1925,6,Украинец
Недосеков Иван Васильевич,1916,1997,1940,6,Белорус
Недрига Михаил Павлович,1903,1971,1927,6,Русский
Нежин Георгий Дмитриевич,1912,1950,1940,3,Русский
Нибладзе Ираклий Ильич,1906,1984,1939,2,Грузин
Никитин Дмитрий Михайлович,1899,1969,1919,8,"жандармерии, с отцом не жил с 1904; мать – крестьянка, попала под поезд в 1907; воспитывался у дяди – ж.-д"
Никитин Леонид Николаевич,1911,1953,1939,11,Русский
Никифоров Александр Тихонович,1902,1968,1920,10,Русский
Никифоров Андрей Васильевич,1909,1976,1931,4,Русский
Николаев Николай Иванович,1909,1979,1928,8,Русский
Николенко Михаил Ананьевич,1910,1977,1941,1,Украинец
Никольский Михаил Иванович,1907,1974,1937,1,Русский
Никонов Григорий Андреевич,1905,1982,1927,7,Русский
Никулкин Яков Прокопьевич,1913,1983,1941,10,Русский
Новик Николай Петрович,1914,2009,1940,9,Белорус
Новиков Борис Васильевич,1919,NA,1939,4,Русский
Новиков Василий Михайлович,1902,1965,1930,11,Русский
Новиков Иван Дмитриевич,1906,1967,1930,4,Русский
Новобратский Лев Ильич,1907,1980,1928,3,Еврей
Новоселов Сергей Павлович,1914,NA,1939,5,"торговле, в 1953 проректор Свердловского политехн"
Нозадзе Иван Сардионович,1911,NA,1932,3,Грузин
Ноников Евгений Александрович,1911,1973,1940,9,Армянин
Норов Суюн,1905,1989,1932,7,Узбек
Обручников Борис Павлович,1905,1988,1926,1,Русский
Овакимян Гайк Бадалович,1898,1967,1918,8,Армянин
Овсянков Петр Андреевич,1898,1973,1925,12,Русский
Овчинников Василий Григорьевич,1901,1978,1920,4,Русский
Одинцов Михаил Иванович,1904,1986,1928,11,Русский
Окорочков Федор Иванович,1898,1975,1918,12,Русский
Окулевич Михаил Константинович,1911,NA,1939,2,Украинец
Оленичев Алексей Владимирович,1905,1963,1931,3,Русский
Ордынцев Григорий Алексеевич,1911,NA,1939,5,Русский
Орлов Василий Иванович,1908,1964,1930,7,Русский
Орлов Илья Афанасьевич,1910,NA,1937,5,Русский
Орлов Михаил Федорович,1903,1984,1926,2,Русский
Орлов Павел Александрович,1900,1957,1939,8,(отец умер в 1913)
Осетров Николай Алексеевич,1905,1992,1926,11,Русский
Осипович Павел Константинович,1909,1965,1939,9,Белорус
Оспанов Муса,1906,NA,1939,4,Казах
Остряков Сергей Захарович,1905,1985,1925,5,Русский
Осюнькин Константин Павлович,1901,NA,1920,1,Русский
Отрощенко (Бойко) Андрей Макарович,1902,1993,1923,7,пути (с 1910 отец крестьянин-середняк)
Охапкин Константин Александрович,1905,1975,1931,1,Русский
Охрименко Евгений Федорович,1912,1981,1940,7,Русский
Павленко Лев Николаевич,1908,1968,1939,8,Украинец
Павлов Василий Павлович,1910,1962,1932,1,Русский
Павлов Иван Елисеевич,1906,1953,1931,4,Русский
Павлов Илья Семенович,1899,1964,1905,1,Русский
Павлов Михаил Федорович,1900,1985,1919,1,Русский
Павлов Николай Иванович,1914,1990,1939,3,Русский
Павлов Семен Никифорович,1899,1952,1924,9,Еврей
Павловский Борис Семенович,1903,1967,1920,12,Еврей
Павлюкевич Анатолий Константинович,1908,NA,1929,6,Русский
Падаров Гаджи-Мамед Ибрагим Оглы,1908,NA,1928,7,Азербайджанец
Палкин Арон Моисеевич,1903,NA,1924,10,Еврей
Панин Анатолий Алексеевич,1905,1976,1925,9,Русский
Панкратов Анатолий Михайлович,1910,1985,1931,7,Русский
Панфилов Михаил Федорович,1895,1959,1939,11,Русский
Панюков Александр Алексеевич,1894,1962,1917,3,Русский
Папков Николай Сергеевич,1898,1960,1936,12,Русский
Парамонов Георгий Иович,1907,NA,1939,9,Русский
Парахин Николай Федорович,1912,NA,1941,2,Русский
Паровишников Виктор Гаврилович,1897,1985,1939,1,Украинец
Парцхаладзе Николай Константинович,1896,NA,1932,11,Грузин
Пасманик Лев Матвеевич,1901,1969,1926,1,Еврей
Пастельняк Леонид Пантелеймонович,1910,1978,1939,4,Украинец
Пастельняк Павел Пантелеймонович,1903,1963,1919,5,Украинец
Патракеев Сергей Васильевич,1919,1985,1941,1,рабочего
Пенкин Дмитрий Романович,1908,1989,1929,10,Русский
Переверткин Семен Никифорович,1905,1961,1921,8,Русский
Перевозников Иван Степанович,1906,1973,1927,10,Русский
Перепелица Павел Порфирьевич,1912,1961,1939,5,Украинец
Перфильев Николай Михайлович,1911,1996,1940,3,Русский
Петраков Иван Тимофеевич,1907,1979,1930,12,Русский
Петренко Иван Григорьевич,1904,1950,1925,6,Украинец
Петров Александр Васильевич,1905,1989,1927,9,Русский
Петров Андрей Иванович,1902,1973,1922,1,Русский
Петров Гавриил Александрович,1901,1961,1918,12,Русский
Петров Николай Николаевич,1901,NA,1919,10,Русский
Петров Николай Николаевич,1915,1966,1941,5,Русский
Петров Федор Георгиевич,1902,1962,1919,10,"рабочего (отец с 1912 инвалид, умер в 1920, мать – сторож, умерла в 1919)"
Петровский Федор Павлович,1907,1959,1925,4,Русский
Петушков Владимир Петрович,1910,1974,NA,NA,Русский
Пивоваров Сергей Павлович,1910,1977,1932,4,Русский
Пильнов Федор Константинович,1904,1978,1927,8,Русский
Пинзур Израиль Львович,1907,NA,1926,9,Еврей
Пинчуков Евгений Максимович,1910,NA,1939,3,рабочего на ж.д
Пирогов Илья Васильевич,1906,1965,1928,8,Русский
Писарев Иван Степанович,1910,1977,1941,9,Русский
Питовранов Евгений Петрович,1915,1999,1937,10,Русский
Плевицкий Александр Николаевич,1901,1964,1918,12,Русский
Плесцов Сергей Иннокентьевич,1906,1972,1926,9,Русский
Плетнев Яков Алексеевич,1912,1974,1939,12,Русский
Плотников Петр Прохорович,1908,1976,1929,4,Русский
Плюснин Александр Иванович,1906,1961,1930,7,Русский
Погудин Василий Иванович,1891,1958,1920,1,Русский
Поддубко Валентин Александрович,1910,NA,1932,7,Украинец
Подобед Юрий Трофимович,1915,1980,1939,8,Белорус
Подольский (Искра) Матвей Владимирович,1899,1968,1920,3,Еврей
Поздняков Александр Александрович,1913,1968,1939,6,Русский
Покаместов Федор Георгиевич,1902,1955,1928,1,Русский
Покотило Сергей Викторович,1903,NA,1927,8,Украинец
Покровский Валентин Павлович,1909,2005,1940,5,Русский
Поликарпов Николай Иванович,1915,1981,1940,1,Русский
Политико Василий Тихонович,1910,1986,1931,1,Белорус
Полковников Александр Иванович,1906,1961,1937,5,Русский
Половнев Сергей Андреевич,1906,NA,1937,6,рабочего-смазчика
Положинский Константин Тимофеевич,1905,1976,1939,2,Украинец
Полозов Сергей Иванович,1913,1975,1939,3,Русский
Полюдов Александр Афанасьевич,1904,NA,1927,5,Русский
Поляков Михаил Семенович,1900,1973,1928,5,Русский
Полянский Иван Васильевич,1898,1956,1918,5,Русский
Пономарев Сергей Михайлович,1904,1959,1924,9,Русский
Поперека Михаил Степанович,1910,1982,1932,7,Украинец
Попков Иван Григорьевич,1904,NA,1926,9,Русский
Попов Борис Николаевич,1911,NA,1943,4,наук)
Попов Петр Петрович,1907,1976,1931,1,Русский
Поташев Алексей Иванович,1909,1987,1932,11,Русский
Почкай Илья Борисович,1910,NA,1936,12,путей
Почтенный Кузьма Григорьевич,1903,1955,1924,7,Русский
Почтовский Василий Тарасович,1909,1947,1931,9,Русский
Прибов Павел Иванович,1907,1960,1940,6,Белорус
Прибыль Христофор Семенович,1908,1965,1931,4,Белорус
Привалов Лазарь Андреевич,1907,NA,1902,9,Русский
Присекин Дмитрий Демьянович,1907,1970,1930,8,Русский
Прищепа Петр Калинович,1906,NA,1931,6,Украинец
Продедович Максим Васильевич,1909,1958,1932,7,Белорус
Прокопенко Андрей Васильевич,1915,1989,1940,1,Украинец
Пронин Владимир Иванович,1904,1961,1925,1,Русский
Пронин Илья Филиппович,1904,1955,1928,4,Русский
Прошаков Иустин Григорьевич,1903,1970,1924,6,Русский
Прошин Василий Степанович,1902,1955,1920,4,Русский
Прудников Алексей Николаевич,1907,1980,1931,4,Русский
Прудников Максим Борисович,1899,1961,1928,7,Белорус
Пугач Петр Кузьмич,1905,NA,1928,10,Украинец
Пудин Василий Иванович,1901,1974,1921,1,Русский
Пузиков Олег Прокопьевич,1916,1975,1942,11,Русский
Пулях Александр Иванович,1911,1974,1938,9,Украинец
Пуминов Владимир Николаевич,1905,1982,1931,4,Русский
Пурышев Александр Павлович,1904,NA,1930,6,Русский
Пчелкин Афанасий Афанасьевич,1903,1976,1920,5,Русский
Рагозин Аркадий Павлович,1918,1998,1946,4,Русский
Разумов Виктор Алексеевич,1900,NA,1924,12,сторожа (отец убит в 1919)
Раина Андрей Иванович,1906,1973,1927,12,Украинец
Райхман Леонид Федорович,1908,1990,1931,12,Еврей
Раков Александр Михайлович,1903,NA,1926,8,Русский
Рассыпинский Анатолий Филиппович,1909,NA,NA,NA,Русский
Расулев Абдурауф,1900,1968,1938,1,Араб
Расулев Василь Расулевич,1913,1982,1940,4,Узбек
Ратушный Николай Тимофеевич,1906,1958,1929,1,Украинец
Резев Александр Иоганнесович,1905,1970,1923,6,Эстонец
Речкалов Иван Васильевич,1907,1981,1926,2,Русский
Решетов Николай Антонович,1903,1983,1923,3,Русский
Ризаев Ахмадали,1912,NA,1938,1,Узбек
Ровинский Наум Григорьевич,1909,NA,1938,2,Еврей
Рогов Алексей Борисович,1915,1986,1940,4,Русский
Рогов Вячеслав Павлович,1900,1972,1925,2,"транспорта, мать торговка"
Родин Алексей Иванович,1908,1983,1931,2,Русский
Родионов Дмитрий Гаврилович,1906,1972,1938,3,Русский
Родованский Яков Федорович,1894,1954,1917,6,Русский
Родос Борис Вениаминович,1905,1956,1936,12,Еврей
Розанов Николай Андреевич,1906,1980,1925,8,Русский
Розин Бейнус Абрамович,1902,1977,1928,7,Еврей
Ролич Григорий Алексеевич,1907,1974,1929,9,Белорус
Романов Василий Андреевич,1907,1982,1929,11,Русский
Романов Иван Романович,1910,NA,1941,12,Русский
Романов Калистрат Андреевич,1902,1972,1926,5,Белорус
Романцов Емельян Борисович,1901,1971,1939,1,Украинец
Ромашко Константин Иванович,1910,NA,1937,10,Белорус
Ромашков Петр Иванович,1915,NA,1939,4,Русский
Российский Александр Петрович,1902,1964,1921,9,Русский
Ростомашвили Михаил Енукович,1902,1987,1924,10,Грузин
Рублев Иван Федорович,1912,2001,1941,2,Русский
Рудаков Евгений Васильевич,1905,1970,1940,3,Русский
Руденко Матвей Леонтьевич,1902,1985,1930,7,Украинец
Рудченко Сергей Леонтьевич,1907,NA,1939,6,Русский
Рузин Владимир Семенович,1904,NA,1927,7,Русский
Рузметов Курбан,1911,1984,1938,10,Узбек
Румянцев Василий Иванович,1896,1960,1919,10,Русский
Русак Иван Тимофеевич,1906,1987,1929,12,Белорус
Русаков Виктор Васильевич,1902,1964,1928,6,Русский
Рутковский Борис Иванович,1903,1988,1929,1,Белорус
Рухадзе Николай Максимович,1905,1955,1927,9,Грузин
Рыбкин Борис Аркадьевич,1899,1947,1922,6,Еврей
Рыжиков Андрей Трифонович,1906,1982,1929,4,Русский
Рыжков Василий Ефимович,1910,NA,1932,8,Русский
Рычков Иван Андреевич,1910,1964,1931,6,Русский
Рюмин Михаил Дмитриевич,1913,1954,NA,NA,Русский
Рясной Василий Степанович,1904,1995,1922,4,Русский
Сааков Ваган Аркадьевич,1901,1970,1919,11,Армянин
Саатсазов Георгий Николаевич,1903,1983,1930,5,Армянин
Савельев Виктор Васильевич,1911,NA,1940,7,Русский
Савицкий Константин Сергеевич,1905,1955,1939,5,Русский
Савченко Иван Иосифович,1900,1974,1925,10,"(после 1917 отец крестьянин, лишался избирательных прав)"
Савченко Иван Тихонович,1908,1999,1939,10,Украинец
Садовник Николай Арсентьевич,1908,1983,1931,12,Украинец
Сакенов Байзулда,1910,1992,1939,8,Казах
Салмин Иван Тимофеевич,1906,1975,1931,1,Русский
Салмин Павел Михайлович,1902,1956,1931,1,Русский
Салоимский Иван Тимофеевич,1903,1955,1931,10,Русский
Саломатов Алексей Сергеевич,1909,1972,1939,6,Русский
Салынский Николай Дмитриевич,1910,1968,1940,2,Русский
Самогородский Борис Михайлович,1906,1978,1929,8,Украинец
Самойлов Вениамин Васильевич,1915,NA,1940,3,Русский
Самыгин Дмитрий Семенович,1897,1960,1919,11,Русский
Сапелкин Поликарп Петрович,1900,1979,1920,10,Русский
Сапожников Павел Гаврилович,1912,1982,1937,11,Русский
Сапронов Николай Федорович,1897,1977,1919,10,Русский
Сараев Роман Николаевич,1903,NA,1930,12,Украинец
Саркисов Рафаэл Семенович (Симеонович),1908,NA,1930,7,Армянин
Сартов Джарин,1914,NA,1939,9,Киргиз
Сафразьян Леон Богданович,1893,1954,1919,1,Армянин
Сахаров Борис Сергеевич,1898,1970,1926,5,Русский
Сахаровский Александр Михайлович,1909,1983,1930,2,Русский
Свердлов Андрей Яковлевич,1911,1969,1939,4,"ВЦИК Яков Михайлович (Моисеевич) Свердлов, умер в 1919)"
Свечников Георгий Владимирович,1905,1962,1923,5,Русский
Свешников Константин Алексеевич,1909,1986,1931,3,Русский
Свинелупов Михаил Георгиевич,1903,1979,1926,10,Русский
Себискверадзе Филарет Давидович,1904,1968,1928,12,Грузин
Северухин Александр Николаевич,1905,1966,1927,3,машиниста на ж.д
Селезнев Николай Дмитриевич,1911,1979,1932,9,Русский
Селивановский Николай Николаевич,1901,1997,1923,2,конторщика – кондуктора
Семенов Василий Прохорович,1915,1980,1939,9,Русский
Семенов Леонид Сергеевич,1905,1984,1904,17,Русский
Семенов Михаил Иванович,1906,1962,1929,11,Русский
Семенов Павел Прокофьевич,1907,1990,1931,10,Русский
Семенов Сергей Григорьевич,1910,1984,1931,2,Русский
Семеновых Павел Михайлович,1903,1982,1928,9,Русский
Семкин Григорий Галактионович,1905,NA,1928,1,Русский
Семыкин Григорий Дмитриевич,1904,1957,1930,6,Русский
Сененков Алексей Федотович,1903,1982,1929,5,Русский
Сенин Капитон Иванович,1903,1967,1928,11,Русский
Сербунов Василий Павлович,1908,1972,1929,12,Русский
Сергеев Михаил Михайлович,1906,1976,1937,1,Русский
Сериков Михаил Кузьмич,1894,1969,1931,2,Русский
Серов Федор Михайлович,1907,1981,1928,5,Русский
Сиднев Алексей Матвеевич,1907,1958,1931,3,Русский
Сидоров Александр Евдокимович,1902,1995,1928,6,Русский
Сидоров Александр Семенович,1914,1995,1938,3,Русский
Сидоров Иван Данилович,1910,1983,1931,1,Русский
Сидоров Иван Кузьмич,1906,NA,1926,2,Русский
Сизов Николай Сергеевич,1914,1981,NA,NA,Русский
Сикимов Абдулла Кипчакбаевич,1905,1988,1932,1,Казах
Симаков Василий Алексеевич,1907,1942,1930,11,Коми
Симаков Виктор Игнатьевич,1914,1989,1939,9,Русский
Симонишвили Георгий Давидович,1911,NA,1940,1,Грузин. В КП с 01.40.
Симонян Арташес Сумбатович,1899,1975,1939,4,Армянин
Синегубов Николай Иванович,1895,NA,1920,2,Украинец
Синицын Яков Никитич,1894,1971,1918,9,Русский
Синицын Яков Федорович,1905,1987,1928,8,Русский
Синюшин Петр Васильевич,1907,1974,1931,7,Русский
Сироткин Александр Савельевич,1890,1965,1919,10,"Русский. В КП с 10.19.Чернорабочий частной столовой, СПб. 1908–1910."
Ситдыков Салих Садыкович,1909,1984,1939,11,Татарин
Слонь Михаил Варнаевич,1906,1955,1926,9,Украинец
Слякоткин Николай Иванович,1900,1961,1926,2,Русский
Смирнов Василий Матвеевич,1906,1980,1936,12,Русский
Смирнов Владимир Иванович,1895,1972,1928,4,Русский
Смирнов Георгий Николаевич,1901,NA,1920,1,Русский
Смирнов Дмитрий Михайлович,1903,1980,1919,12,Русский
Смирнов Иван Петрович,1915,1988,1939,6,Русский
Смирнов Павел Петрович,1896,1983,1918,7,Русский
Смирнов Сергей Николаевич,1905,1970,1939,6,Русский
Смирнов Федор Константинович,1912,1975,1932,9,Русский
Смолин Константин Петрович,1902,NA,1927,4,Русский
Смородинский Владимир Тимофеевич,1904,NA,1924,9,Русский
Соколичко Илья Филиппович,1907,1970,1932,6,Русский
Соколов Алексей Алексеевич,1903,NA,1927,6,Русский
Соколов Константин Анатольевич,1915,NA,1940,3,Русский
Соколов Павел Николаевич,1907,NA,1940,6,Русский
Соловьев Александр Гаврилович,1905,1963,1930,11,Русский
Соловьев Александр Федорович,1900,1969,1918,10,Русский
Соловьев Сергей Иванович,1908,1975,1928,7,Русский
Сорокин Александр Алексеевич,1912,2007,NA,NA,Русский
Сорокин Дмитрий Иванович,1906,1969,1928,9,Русский
Соснин Виктор Георгиевич,1907,1978,1925,12,ФО
Соснов Константин Михайлович,1905,NA,1938,4,Русский
Сотский Павел Станиславович,1905,1983,1928,8,Белорус
Спандарьян Сергей Суренович,1909,1980,1939,6,Армянин
Стадухин Петр Гаврилович,1908,1969,1929,8,Русский
Старинов Гавриил Григорьевич,1903,NA,1927,8,Русский
Старичков Александр Васильевич,1901,1966,1924,7,Русский
Старцев Василий Иосифович,1909,1984,1931,12,Русский
Стаханов Николай Павлович,1901,1977,1937,8,Русский
Сташко Лев Ильич,1900,1966,1918,7,Еврей
Стебловский Михаил Викторович,1907,NA,1929,10,Украинец
Стельмах Иван Макарович,1912,1990,1940,5,Белорус
Степанец Александр Ефимович,1914,1988,1940,1,Русский
Стехов Сергей Трофимович,1898,1994,1918,10,Русский
Столяров Петр Иванович,1901,1961,1925,9,Русский
Строкач Тимофей Амвросиевич,1903,1963,1927,12,Украинец
Строков Глеб Александрович,1917,NA,1943,5,служащего
Студников Лев Александрович,1909,1981,1930,6,Русский
Ступаченко Григорий Иванович,1910,NA,1942,7,"служащий, убит в 1921)"
Ступницкий Михаил Семенович,1912,1972,1937,11,Украинец
Стыров Василий Дмитриевич,1906,1994,1924,11,Русский
Стыценко Григорий Никитич,1909,1977,NA,NA,Русский
Судоплатов Павел Анатольевич,1907,1996,1928,2,Украинец
Суладзе Шалва Захарьевич,1907,1958,1939,4,мастерских
Сумской Михаил Михайлович,1915,NA,1940,4,Украинец
Суранов Сергей Саввич,1900,1983,1936,12,рабочего
Сурков Николай Васильевич,1904,1985,1924,4,мастера (отец умер в 1919)
Суровицких Иван Данилович,1905,1986,1929,2,Русский
Сурхаев Далгат Халимбекович,1909,1980,1932,5,Даргинец
Суслов Николай Григорьевич,1899,1962,1937,7,Русский
Сухарев Петр Федорович,1904,NA,1928,10,Русский
Суходольский Владимир Николаевич,1907,1966,1927,1,Русский
Сухомлинов Даниил Осипович,1909,NA,1930,9,Русский
Сысоев Александр Александрович,1901,1976,1919,11,Русский
Сысоев Федор Тимофеевич,1906,1971,1932,10,Русский
Сюганов Всеволод Петрович,1902,1986,1921,1,Русский
Тарасов Дмитрий Петрович,1913,1998,1940,5,Русский
Тахчианов Пантелеймон Иванович,1906,1977,1929,7,Грек
Текаев Борис Ильич,1908,1980,1938,12,Осетин
Терезов Михаил Алексеевич,1907,NA,1937,6,Русский
Терещенко Александр Владимирович,1901,1975,1940,3,Русский
Тер-Ишханов Григорий Хасрович,1908,1973,1931,10,Армянин
Техов Николай Тимофеевич,1906,1981,1929,7,Русский
Тимонин Михаил Сергеевич,1900,1982,1928,8,Русский
Тимофеев Петр Петрович,1899,1958,1919,5,Родился в семье конторщика ж.д.1 Русский. В КП с 05.19.
Тимошенко Василий Карпович,1908,1970,1931,10,рабочего ж.д
Тимошенко Николай Иванович,1910,1982,1931,4,Украинец
Тимошенков Константин Григорьевич,1908,1975,1931,6,Русский
Титов Андрей Михайлович,1902,1968,1925,2,Русский
Тихвинский Сергей Леонидович,1918,NA,1941,4,врача
Тихонов Борис Сергеевич,1906,1955,1929,10,Русский
Тихонов Павел Павлович,1909,1990,1928,11,Русский
Тишков Арсений Васильевич,1909,1979,1931,12,Русский
Ткаченко Иван Максимович,1910,1955,1929,2,Украинец
Товстуха Александр Григорьевич,1911,1983,1939,6,"ревкома, расстрелян белыми в 1919)"
Тлеумагамбетов Жалекен,1914,NA,1939,10,"Родители умерли – мать в 1916, отец в 1933. Казах. В КП с 10.39."
Толчеев Алексей Федорович,1902,1969,1926,7,Русский
Тониянц Аршак Вартанович,1908,1976,1930,5,Армянин
Тополин Степан Александрович,1908,1983,1928,10,Украинец
Топурия Владимир Викторович,1915,NA,1943,9,Грузин
Торопов Александр Степанович,1905,1980,1930,5,Русский
Торчинский Павел Иванович,1906,1981,1928,10,Украинец
Тотоев Сергей Николаевич,1901,1976,1928,8,Осетин
Трапезников Николай Галактионович,1905,1976,1929,2,Русский
Трофимов Борис Петрович,1902,1975,1918,8,Русский
Тульке Николай Антонович,1896,1956,1927,5,Латыш
Турко Николай Григорьевич,1918,NA,1939,5,Украинец
Турунтаев Петр Васильевич,1912,1985,1940,6,Русский
Турчанинов Яков Семенович,1903,NA,1920,8,Русский
Тутушкин Федор Яковлевич,1900,1959,1917,9,Русский
Угловский Павел Федорович,1902,1975,1927,12,Белорус
Удалов Георгий Михайлович,1907,NA,1931,9,Русский
Ульянов Николай Алексеевич,1897,1969,1924,10,Русский
Умаров Сайдулла Муратович,1910,1978,1940,1,Узбек
Умарходжиев Сейдоспан Тажиханович,1914,1981,1939,12,Казах
Урушадзе Илья Григорьевич,1914,NA,1940,7,Грузин
Усов Виктор Михайлович,1902,1968,1925,8,Русский
Усов Михаил Алексеевич,1904,1970,1942,3,Русский
Устинов Владимир Ефимович,1900,1957,1922,6,аптекой Александровского з-да
Устинов Владимир Иванович,1907,1971,1928,2,Русский
Утегенов Турсункул,1912,1984,1940,1,Казах
Утехин Георгий Валентинович,1906,1987,1929,9,"врача (отец умер в 1914, имел чин статского советника, мать работала зубным врачом)"
Ушаков Иван Федорович,1916,NA,1939,12,Русский
Фадеев Семен Федорович,1914,NA,1939,7,Русский
Фараджев Гасан Мусейб Оглы,1905,1977,1928,10,Азербайджанец
Федаков Александр Федорович,1905,1971,1927,2,Русский
Федичкин Дмитрий Георгиевич,1902,1991,1921,4,Русский
Федоренко Яков Артемович,1908,NA,1929,12,Украинец
Федоров Александр Дементьевич,1903,1975,1921,3,Русский
Федоров Александр Николаевич,1905,NA,1941,6,Русский
Федоров Валериан Александрович,1906,1983,1927,5,Русский
Федоров Серафим Александрович,1918,NA,1942,7,Русский
Федосеев Сергей Михайлович,1915,1998,1939,4,Русский
Федотов Алексей Васильевич,1907,1975,1937,5,Русский
Федотов Николай Васильевич,1903,1983,1941,1,машиниста парохода
Федотов Николай Георгиевич,1906,1976,1931,1,Русский
Федотов Петр Васильевич,1914,1965,1940,10,Русский
Фесенко Владимир Елисеевич,1918,NA,1942,4,Русский
Филатов Виктор Дмитриевич,1910,1972,1941,4,хора (после 1917 отец работал лифтером)
Филатов Степан Иванович,1901,1980,1926,12,Русский
Филин Сергей Максимович,1899,1950,1927,12,Русский
Филиппов Анатолий Иванович,1913,1982,1941,1,Русский
Филиппов Борис Николаевич,1912,NA,1942,11,Русский
Филон Павел Александрович,1907,NA,1932,8,Белорус
Филонов Владимир Михайлович,1908,NA,1929,10,Русский
Филонов Иван Борисович,1905,1975,1929,3,Русский
Фокин Петр Максимович,1900,1979,1921,6,Русский
Фотченко Тимофей Васильевич,1899,NA,1924,6,Русский
Фришко Сергей Александрович,1908,NA,1931,8,Отчим был крестьянином-середняком
Фролов Алексей Васильевич,1904,1965,1926,3,Русский
Фролов Алексей Федорович,1907,NA,1927,6,Русский
Фролов Андрей Петрович,1908,NA,1937,11,Русский
Фукин Константин Александрович,1900,1979,1919,9,Русский
Хайлов Николай Степанович,1901,1968,1924,11,Русский
Хамидов Наби Разикович,1912,NA,1941,9,Узбек
Хамидов Рахим Абдурахимович,1916,1988,1939,10,"Родители умерли в 1917, воспитывался в семье брата – служащего"
Хамидуллин Гариф Насыбович,1908,1978,1931,8,Татарин
Хандожко Николай Потапович,1905,1988,1930,8,Украинец
Харитонов Михаил Петрович,1916,NA,1939,9,Русский
Харитонов Николай Петрович,1916,1980,1939,4,Русский
Харитонов Федор Петрович,1907,1991,1930,12,Русский
Хархардин Александр Иванович,1903,1976,1924,10,Русский
Хачатрян Амо Никогосович,1910,NA,1939,4,Армянин
Хащин Николай Семенович,1903,1950,1930,9,Русский
Хвастовский Николай Игнатьевич,1905,NA,1927,3,Воспитывался в интернате
Хват Александр Григорьевич,1907,1993,1901,9,Русский
Хикматуллаев Нигматулла,1921,NA,1949,7,Узбек
Химченко Андрей Дмитриевич,1905,1963,1927,10,Украинец
Холево Семен Иванович,1912,1982,1939,6,Белорус
Хорошун Александр Алексеевич,1913,2007,1940,5,Украинец
Хорсун Семен Трофимович,1907,1976,1929,8,Украинец
Храпунов Павел Филиппович,1908,1987,1931,10,Русский
Хромов Виктор Яковлевич,1907,1946,1931,11,Русский
Хромых Михаил Ильич,1910,1970,1931,8,Русский
Хуснутдинов Ибрагим Гильмутдинович,1913,1972,1943,6,Татарин
Цагурия Василий Иосифович,1902,NA,1927,9,Грузин
Цветков Петр Григорьевич,1905,1977,1924,3,Русский
Цветухин Федор Андреевич,1904,1985,1937,8,Украинец
Цвигун Леонид Васильевич,1902,1976,1926,9,Украинец
Цепков Виктор Георгиевич,1905,1976,1927,4,Украинец
Церетели Шалва Отарович,1894,1955,1920,3,Воспитывался отчимом – машинистом
Цикляев Николай Тимофеевич,1905,1983,1926,1,Русский
Цинев Георгий Карпович,1907,1996,NA,NA,Русский. В КП с 1932.
Цымбал-Черногорский Евгений Александрович,1903,NA,1931,12,Украинец
Цымбаленко Леонид Владимирович,1914,1982,1944,3,Украинец
Чайковский Петр Митрофанович,1902,1985,1926,11,Русский
Чантурия Митрофан Леванович,1903,1965,1928,5,Грузин
Чередниченко Моисей Михайлович,1905,1953,NA,NA,Украинец
Чермных Алексей Алексеевич,1901,1971,1925,10,Русский
Чернецкий Борис Николаевич,1906,1979,1938,12,Украинец
Черников Сергей Федорович,1908,1968,1929,5,Русский
Чернов Александр Васильевич,1911,1978,1940,8,Русский
Чернов Иван Александрович,1906,1991,1927,12,Русский
Черноштан Александр Евстафьевич,1913,NA,1941,11,Украинец
Чернышев Павел Сергеевич,1908,1970,1931,9,– счетного работника (отец умер в 1920)
Чернявский Митрофан Илларионович,1895,1981,1918,4,Белорус
Чертов Иван Александрович,1905,1951,1927,8,Русский
Чесалов Леонид Петрович,1908,1944,1930,7,После 1917 на иждивении матери – крестьянки-беднячки
Чесноков Александр Николаевич,1900,NA,1920,5,Русский
Чесноков Николай Петрович,1903,1980,1930,12,Русский
Чижевский Тимофей Анисимович,1916,NA,1939,5,Русский
Чичаев Иван Андреевич,1896,1984,1918,10,Русский
Чичеринда Андрей Карпович,1913,1962,1938,2,Украинец
Чоботов Александр Андреевич,1901,1964,1925,4,Украинец
Чувпило Василий Григорьевич,1895,1965,1925,3,Украинец
Чугунов Василий Иванович,1899,1978,1918,11,Русский
Шабунин Михаил Иванович,1899,1967,1927,3,Русский
Шамарин Андрей Васильевич,1904,1994,1926,3,Русский
Шандрин Сергей Максимович,1909,NA,1931,2,Русский
Шанин Павел Сергеевич,1906,1967,1931,1,Русский
Шаповалов Яков Андреевич,1905,NA,1929,3,Украинец
Шарапов Николай Георгиевич,1909,1996,1939,2,Русский
Шариков Михаил Петрович,1902,1975,1918,11,Русский
Шарипов Абдул-Ахат Садыкович,1910,1976,1937,9,Татарин
Шармазанашвили Владимир Харитонович,1900,1984,1918,11,Грузин
Шарок Григорий Федорович,1900,1981,1922,1,Русский
Шаталин Николай Николаевич,1904,1984,NA,NA,Русский
Шаталов Василий Иванович,1906,1981,1930,11,Русский
Шатеркин Иван Васильевич,1902,1971,1924,12,Русский
Шатилов Михаил Александрович,1906,NA,1928,9,Русский
Шатманов Кожомкул,1915,NA,1940,1,"Родители умерли в 1916, воспитывался у дяди – крестьянина-бедняка"
Шаханский Иван Федорович,1906,1972,1929,8,Русский
Шашков Николай Георгиевич,1907,1963,1936,12,Русский
Шаяхметов Ташим Шаяхметович,1911,1967,1943,3,Русский
Шварцман Лев Леонидович,1907,1955,1936,12,Еврей
Швырков Михаил Федорович,1909,1993,1930,6,Русский
Шевелев Иван Григорьевич,1904,NA,1932,10,Русский
Шевченко Владимир Григорьевич,1912,1980,1938,7,Украинец
Шелиханов Павел Семенович,1909,1985,1939,7,Белорус
Шемена Семен Иванович,1903,1965,1930,1,Украинец
Шестаков Михаил Николаевич,1909,2009,1939,2,Русский
Шибаев Михаил Егорович,1904,1980,1902,14,Удмурт
Шибаев Петр Андреевич,1902,1961,1928,3,Русский
Шибаев Петр Михайлович,1904,1986,1926,9,Русский
Шикторов Иван Сергеевич,1908,1978,1928,7,Русский
Шило Алексей Петрович,1911,NA,1939,11,(отец умер в 1924)
Ширинбаев Шариф Каюмович,1908,1982,1931,12,Узбек
Ширманов Виктор Тимофеевич,1901,1970,1919,4,Русский
Ширманов Ефим Ефимович,1905,1957,1939,4,Русский
Ширяев Федор Николаевич,1912,1968,1942,6,Русский
Шитиков Никита Ионович,1896,1974,1918,10,Русский
Шитов (Алексеев1) Александр Иванович,1913,1998,1938,1,Русский
Шиукашвили Лаврентий Ильич,1912,1981,1939,5,Осетин
Шишкин Михаил Павлович,1908,1978,1931,7,Русский
Шишлин Иван Васильевич,1906,1949,1928,4,Русский
Шишов Александр Иванович,1900,1975,1919,2,Русский
Шиян Василий Васильевич,1909,1979,1931,1,Украинец
Школа (Шкляренко) Тихон Тихонович,1912,NA,1939,6,Русский
Шкурин Алексей Калинникович,1904,NA,1925,6,Русский
Шмойлов Евгений Порфирьевич,1916,1971,1939,11,Русский
Шмыгин Георгий Иванович,1912,NA,1941,4,Русский
Шнюков Григорий Прокопьевич,1907,1985,1930,3,Русский
Шпигов Николай Семенович,1903,1956,1926,7,Русский
Шубняков Федор Григорьевич,1916,1996,1940,7,Русский
Шукшин Федор Андреевич,1911,1977,1932,8,Русский
Шумаков Иван Васильевич,1904,NA,1927,10,Русский
Шумских Александр Иванович,1914,NA,1941,7,Русский
Шустин Семен Матвеевич,1908,1978,1930,12,Еврей
Шутов Павел Львович,1904,1965,1937,12,Русский
Щенявский Пимен Алексеевич,1905,1950,1929,6,Украинец
Щербаков Леонид Карпович,1905,1969,1927,9,Русский
Щербаков Михаил Петрович,1906,NA,1930,7,Русский
Щуров Вячеслав Петрович,1914,1989,1942,12,Украинец
Эглит Август Петрович,1896,1966,1914,10,Латыш
Эйтингон Наум Исаакович (Наумов Леонид Александрович),1899,1981,1919,10,Еврей
Юдин Михаил Сергеевич,1903,NA,1909,10,Русский
Юдичев Павел Николаевич,1905,1967,1942,10,Русский
Юсупбеков Аристан,1914,1982,1940,3,Казах
Юсупов Аюп Якубович,1901,1976,1924,6,Татарин
Юхимович Семен Петрович,1900,NA,1926,12,Украинец
Яковенко Александр Михайлович,1908,NA,1930,11,Украинец
Яковлев Василий Терентьевич,1899,1950,1930,7,служащего
Яковлев Михаил Михайлович,1907,1989,1930,1,Русский
Яковлев (Халфин) Яков Лазаревич,1906,NA,1932,11,Еврей
Якубов Мир-Теймур Мир-Алекпер Оглы,1904,1970,1927,9,Азербайджанец
Яроцкий Владимир Иванович,1913,1960,1939,3,Украинец
Яценко Николай Иванович,1898,1971,1918,7,Украинец
Ященко Василий Владимирович,1915,1989,1939,4,Русский
